{
    "inner_corners": [
        [
            264.18341064453125,
            300.58197021484375
        ],
        [
            389.8794250488281,
            300.3636779785156
        ],
        [
            435.1553649902344,
            447.5613708496094
        ],
        [
            219.71250915527344,
            449.4169006347656
        ]
    ],
    "board_size": 800,
    "square_size": 100,
    "rvec": [
        [
            2.07336163520813
        ],
        [
            -0.008027357049286366
        ],
        [
            0.007985885255038738
        ]
    ],
    "tvec": [
        [
            -0.06838811188936234
        ],
        [
            0.13298726081848145
        ],
        [
            0.16737815737724304
        ]
    ],
    "use_lowest_corner": true,
    "timestamp": "20250102_143832",
    "0": {
        "inner_corners": [
            [
                263.92919921875,
                301.374267578125
            ],
            [
                390.3146667480469,
                300.5284729003906
            ],
            [
                435.63946533203125,
                448.7952880859375
            ],
            [
                219.38548278808594,
                450.4927673339844
            ]
        ],
        "board_size": 800,
        "square_size": 100,
        "rvec": [
            [
                2.0715551376342773
            ],
            [
                -0.008471233770251274
            ],
            [
                0.004320758860558271
            ]
        ],
        "tvec": [
            [
                -0.0907038152217865
            ],
            [
                0.14417070150375366
            ],
            [
                0.14688734710216522
            ]
        ],
        "timestamp": "20250102_154908"
    },
    "2": {
        "inner_corners": [
            [
                426.1068420410156,
                417.4508361816406
            ],
            [
                206.34217834472656,
                405.2419738769531
            ],
            [
                256.1173095703125,
                263.27996826171875
            ],
            [
                386.51416015625,
                269.3940734863281
            ]
        ],
        "board_size": 800,
        "square_size": 100,
        "rvec": [
            [
                -0.05917175114154816
            ],
            [
                2.734870433807373
            ],
            [
                -1.4229393005371094
            ]
        ],
        "tvec": [
            [
                0.08269307762384415
            ],
            [
                0.022252734750509262
            ],
            [
                0.2963319718837738
            ]
        ],
        "timestamp": "20250102_154914"
    }
}