{
    "inner_corners": [
        [
            264.18341064453125,
            300.58197021484375
        ],
        [
            389.8794250488281,
            300.3636779785156
        ],
        [
            435.1553649902344,
            447.5613708496094
        ],
        [
            219.71250915527344,
            449.4169006347656
        ]
    ],
    "board_size": 800,
    "square_size": 100,
    "rvec": [
        [
            2.07336163520813
        ],
        [
            -0.008027357049286366
        ],
        [
            0.007985885255038738
        ]
    ],
    "tvec": [
        [
            -0.06838811188936234
        ],
        [
            0.13298726081848145
        ],
        [
            0.16737815737724304
        ]
    ],
    "use_lowest_corner": true,
    "timestamp": "20250102_143832",
    "0": {
        "inner_corners": [
            [
                264.2432556152344,
                300.57354736328125
            ],
            [
                389.9328918457031,
                300.30487060546875
            ],
            [
                435.1853332519531,
                447.54107666015625
            ],
            [
                219.78970336914062,
                449.3756103515625
            ]
        ],
        "board_size": 800,
        "square_size": 100,
        "rvec": [
            [
                2.0736001828784656
            ],
            [
                -0.008083639755168745
            ],
            [
                0.0078583502046666
            ]
        ],
        "tvec": [
            [
                -0.06836052656605882
            ],
            [
                0.13300173031010035
            ],
            [
                0.167413684605486
            ]
        ],
        "timestamp": "20250102_144536"
    },
    "2": {
        "inner_corners": [
            [
                421.3677062988281,
                375.8728332519531
            ],
            [
                222.25448608398438,
                368.4822998046875
            ],
            [
                262.4654541015625,
                241.7703857421875
            ],
            [
                385.9835205078125,
                247.6195068359375
            ]
        ],
        "board_size": 800,
        "square_size": 100,
        "rvec": [
            [
                0.032371988950122804
            ],
            [
                -2.864536386703365
            ],
            [
                1.396102002644448
            ]
        ],
        "tvec": [
            [
                0.06215868853627728
            ],
            [
                0.011265182999240087
            ],
            [
                0.2897159348776579
            ]
        ],
        "timestamp": "20250102_144509"
    }
}