{
    "inner_corners": [
        [
            269.2311706542969,
            300.2811279296875
        ],
        [
            394.624267578125,
            301.56158447265625
        ],
        [
            439.6895446777344,
            450.5104064941406
        ],
        [
            224.6453094482422,
            446.6268310546875
        ]
    ],
    "board_size": 800,
    "square_size": 100,
    "rvec": [
        [
            -4.211350629983477
        ],
        [
            -0.027641198791898133
        ],
        [
            0.00124414913510609
        ]
    ],
    "tvec": [
        [
            -0.06587748861172758
        ],
        [
            0.13252338588562457
        ],
        [
            0.16875975334601004
        ]
    ],
    "timestamp": "20241231_104813"
}