{
    "inner_corners": [
        [
            264.18341064453125,
            300.58197021484375
        ],
        [
            389.8794250488281,
            300.3636779785156
        ],
        [
            435.1553649902344,
            447.5613708496094
        ],
        [
            219.71250915527344,
            449.4169006347656
        ]
    ],
    "board_size": 800,
    "square_size": 100,
    "rvec": [
        [
            2.07336163520813
        ],
        [
            -0.008027357049286366
        ],
        [
            0.007985885255038738
        ]
    ],
    "tvec": [
        [
            -0.06838811188936234
        ],
        [
            0.13298726081848145
        ],
        [
            0.16737815737724304
        ]
    ],
    "use_lowest_corner": true,
    "timestamp": "20250102_143832",
    "0": {
        "inner_corners": [
            [
                418.92498779296875,
                432.49163818359375
            ],
            [
                207.7299041748047,
                431.53033447265625
            ],
            [
                255.96881103515625,
                287.76025390625
            ],
            [
                381.6921081542969,
                290.4094543457031
            ]
        ],
        "board_size": 800,
        "square_size": 100,
        "rvec": [
            [
                -0.012296822853386402
            ],
            [
                2.699951410293579
            ],
            [
                -1.5474071502685547
            ]
        ],
        "tvec": [
            [
                0.07947707176208496
            ],
            [
                0.04784999042749405
            ],
            [
                0.3094194531440735
            ]
        ],
        "timestamp": "20250423_202324"
    },
    "2": {
        "inner_corners": [
            [
                247.76431274414062,
                264.2947692871094
            ],
            [
                372.3648681640625,
                264.2244873046875
            ],
            [
                409.9133605957031,
                394.6484680175781
            ],
            [
                208.7662353515625,
                397.6111755371094
            ]
        ],
        "board_size": 800,
        "square_size": 100,
        "rvec": [
            [
                2.1756865978240967
            ],
            [
                -0.025146134197711945
            ],
            [
                0.08904606848955154
            ]
        ],
        "tvec": [
            [
                -0.1006651297211647
            ],
            [
                0.11927715688943863
            ],
            [
                0.15500429272651672
            ]
        ],
        "timestamp": "20250423_202337"
    }
}