{
    "inner_corners": [
        [
            264.18341064453125,
            300.58197021484375
        ],
        [
            389.8794250488281,
            300.3636779785156
        ],
        [
            435.1553649902344,
            447.5613708496094
        ],
        [
            219.71250915527344,
            449.4169006347656
        ]
    ],
    "board_size": 800,
    "square_size": 100,
    "rvec": [
        [
            2.07336163520813
        ],
        [
            -0.008027357049286366
        ],
        [
            0.007985885255038738
        ]
    ],
    "tvec": [
        [
            -0.06838811188936234
        ],
        [
            0.13298726081848145
        ],
        [
            0.16737815737724304
        ]
    ],
    "use_lowest_corner": true,
    "timestamp": "20250102_143832",
    "0": {
        "inner_corners": [
            [
                264.6148376464844,
                300.85980224609375
            ],
            [
                390.2048034667969,
                300.4715270996094
            ],
            [
                435.1553649902344,
                447.61090087890625
            ],
            [
                220.26524353027344,
                449.14715576171875
            ]
        ],
        "board_size": 800,
        "square_size": 100,
        "rvec": [
            [
                2.0725672245025635
            ],
            [
                -0.006943091284483671
            ],
            [
                0.005303238984197378
            ]
        ],
        "tvec": [
            [
                -0.09061720967292786
            ],
            [
                0.14416927099227905
            ],
            [
                0.14808128774166107
            ]
        ],
        "timestamp": "20250103_125600"
    },
    "2": {
        "inner_corners": [
            [
                425.6358642578125,
                417.40264892578125
            ],
            [
                205.8970489501953,
                405.1716003417969
            ],
            [
                255.80923461914062,
                263.25225830078125
            ],
            [
                386.3321533203125,
                269.36651611328125
            ]
        ],
        "board_size": 800,
        "square_size": 100,
        "rvec": [
            [
                -0.05863015353679657
            ],
            [
                2.7349040508270264
            ],
            [
                -1.4234801530838013
            ]
        ],
        "tvec": [
            [
                0.08244907110929489
            ],
            [
                0.022186052054166794
            ],
            [
                0.2963060140609741
            ]
        ],
        "timestamp": "20250103_125551"
    }
}