{
    "inner_corners": [
        [
            254.37937927246094,
            247.6878204345703
        ],
        [
            381.96673583984375,
            247.57241821289062
        ],
        [
            423.16668701171875,
            379.22210693359375
        ],
        [
            216.37973022460938,
            380.13958740234375
        ]
    ],
    "board_size": 800,
    "square_size": 100,
    "timestamp": "20241230_143720"
}