{
    "inner_corners": [
        [
            259.4123840332031,
            250.9088592529297
        ],
        [
            381.1460266113281,
            262.2378845214844
        ],
        [
            402.4118347167969,
            393.061767578125
        ],
        [
            211.22189331054688,
            372.0379638671875
        ]
    ],
    "board_size": 800,
    "square_size": 100,
    "rvec": [
        [
            2.218806094239028
        ],
        [
            0.10615867763101193
        ],
        [
            0.07125586393673694
        ]
    ],
    "tvec": [
        [
            -0.08346773737805535
        ],
        [
            0.09540513520911953
        ],
        [
            0.18640740512840506
        ]
    ],
    "timestamp": "20241230_181552"
}