{
    "inner_corners": [
        [
            264.18341064453125,
            300.58197021484375
        ],
        [
            389.8794250488281,
            300.3636779785156
        ],
        [
            435.1553649902344,
            447.5613708496094
        ],
        [
            219.71250915527344,
            449.4169006347656
        ]
    ],
    "board_size": 800,
    "square_size": 100,
    "rvec": [
        [
            2.07336163520813
        ],
        [
            -0.008027357049286366
        ],
        [
            0.007985885255038738
        ]
    ],
    "tvec": [
        [
            -0.06838811188936234
        ],
        [
            0.13298726081848145
        ],
        [
            0.16737815737724304
        ]
    ],
    "use_lowest_corner": true,
    "timestamp": "20250102_143832",
    "0": {
        "inner_corners": [
            [
                426.9447021484375,
                440.7617492675781
            ],
            [
                213.91574096679688,
                435.4407043457031
            ],
            [
                262.6213684082031,
                291.7290954589844
            ],
            [
                388.2586364746094,
                295.40679931640625
            ]
        ],
        "board_size": 800,
        "square_size": 100,
        "rvec": [
            [
                -0.03541716933250427
            ],
            [
                2.697709560394287
            ],
            [
                -1.5807543992996216
            ]
        ],
        "tvec": [
            [
                0.0867072269320488
            ],
            [
                0.05361684411764145
            ],
            [
                0.3075089156627655
            ]
        ],
        "timestamp": "20250401_112441"
    },
    "2": {
        "inner_corners": [
            [
                250.6949005126953,
                265.3822937011719
            ],
            [
                374.96038818359375,
                263.462158203125
            ],
            [
                415.0758972167969,
                393.4434509277344
            ],
            [
                214.13841247558594,
                398.3703918457031
            ]
        ],
        "board_size": 800,
        "square_size": 100,
        "rvec": [
            [
                2.1735599040985107
            ],
            [
                -0.036423467099666595
            ],
            [
                0.07497400045394897
            ]
        ],
        "tvec": [
            [
                -0.0973522812128067
            ],
            [
                0.1203342005610466
            ],
            [
                0.15560297667980194
            ]
        ],
        "timestamp": "20250401_192929"
    }
}