{
    "inner_corners": [
        [
            264.18341064453125,
            300.58197021484375
        ],
        [
            389.8794250488281,
            300.3636779785156
        ],
        [
            435.1553649902344,
            447.5613708496094
        ],
        [
            219.71250915527344,
            449.4169006347656
        ]
    ],
    "board_size": 800,
    "square_size": 100,
    "rvec": [
        [
            2.07336163520813
        ],
        [
            -0.008027357049286366
        ],
        [
            0.007985885255038738
        ]
    ],
    "tvec": [
        [
            -0.06838811188936234
        ],
        [
            0.13298726081848145
        ],
        [
            0.16737815737724304
        ]
    ],
    "use_lowest_corner": true,
    "timestamp": "20250102_143832",
    "0": {
        "inner_corners": [
            [
                417.4881896972656,
                399.3731689453125
            ],
            [
                215.5496826171875,
                404.3423767089844
            ],
            [
                252.45462036132812,
                270.238037109375
            ],
            [
                375.9603271484375,
                268.4732971191406
            ]
        ],
        "board_size": 800,
        "square_size": 100,
        "rvec": [
            [
                0.04514944925904274
            ],
            [
                2.7145400047302246
            ],
            [
                -1.4585037231445312
            ]
        ],
        "tvec": [
            [
                0.07383926957845688
            ],
            [
                0.02436266466975212
            ],
            [
                0.31651851534843445
            ]
        ],
        "timestamp": "20250327_173529"
    },
    "2": {
        "inner_corners": [
            [
                259.5799560546875,
                275.5194396972656
            ],
            [
                386.0770568847656,
                277.4559631347656
            ],
            [
                424.4647216796875,
                415.52081298828125
            ],
            [
                214.71778869628906,
                414.525146484375
            ]
        ],
        "board_size": 800,
        "square_size": 100,
        "rvec": [
            [
                2.1302602291107178
            ],
            [
                0.007166928146034479
            ],
            [
                0.026160668581724167
            ]
        ],
        "tvec": [
            [
                -0.09527595341205597
            ],
            [
                0.12593500316143036
            ],
            [
                0.15181905031204224
            ]
        ],
        "timestamp": "20250327_172920"
    }
}