{
    "inner_corners": [
        [
            263.7603759765625,
            301.41619873046875
        ],
        [
            390.259033203125,
            300.52313232421875
        ],
        [
            435.7529602050781,
            448.7603454589844
        ],
        [
            219.43075561523438,
            450.5325012207031
        ]
    ],
    "board_size": 800,
    "square_size": 100,
    "rvec": [
        [
            2.0714026208081635
        ],
        [
            -0.0092005676228948
        ],
        [
            0.005421893497605376
        ]
    ],
    "tvec": [
        [
            -0.06833432142223891
        ],
        [
            0.13325839963126973
        ],
        [
            0.16659837961996057
        ]
    ],
    "timestamp": "20241231_125623"
}