{
    "inner_corners": [
        [
            264.18341064453125,
            300.58197021484375
        ],
        [
            389.8794250488281,
            300.3636779785156
        ],
        [
            435.1553649902344,
            447.5613708496094
        ],
        [
            219.71250915527344,
            449.4169006347656
        ]
    ],
    "board_size": 800,
    "square_size": 100,
    "rvec": [
        [
            2.07336163520813
        ],
        [
            -0.008027357049286366
        ],
        [
            0.007985885255038738
        ]
    ],
    "tvec": [
        [
            -0.06838811188936234
        ],
        [
            0.13298726081848145
        ],
        [
            0.16737815737724304
        ]
    ],
    "use_lowest_corner": true,
    "timestamp": "20250102_143832",
    "0": {
        "inner_corners": [
            [
                422.27874755859375,
                432.59234619140625
            ],
            [
                213.48524475097656,
                426.5024108886719
            ],
            [
                261.57379150390625,
                286.3880920410156
            ],
            [
                386.4400939941406,
                290.48614501953125
            ]
        ],
        "board_size": 800,
        "square_size": 100,
        "rvec": [
            [
                -0.040384672582149506
            ],
            [
                2.712592601776123
            ],
            [
                -1.5507054328918457
            ]
        ],
        "tvec": [
            [
                0.08524441719055176
            ],
            [
                0.04809202998876572
            ],
            [
                0.3091755211353302
            ]
        ],
        "timestamp": "20250625_212350"
    },
    "2": {
        "inner_corners": [
            [
                253.28887939453125,
                282.5003662109375
            ],
            [
                377.88568115234375,
                284.0702209472656
            ],
            [
                418.8031921386719,
                425.6307373046875
            ],
            [
                210.8065185546875,
                424.5446472167969
            ]
        ],
        "board_size": 800,
        "square_size": 100,
        "rvec": [
            [
                2.1285364627838135
            ],
            [
                -0.0023348962422460318
            ],
            [
                0.08214809745550156
            ]
        ],
        "tvec": [
            [
                -0.09763997048139572
            ],
            [
                0.13217872381210327
            ],
            [
                0.15006019175052643
            ]
        ],
        "timestamp": "20250723_171456"
    }
}