{
    "inner_corners": [
        [
            264.18341064453125,
            300.58197021484375
        ],
        [
            389.8794250488281,
            300.3636779785156
        ],
        [
            435.1553649902344,
            447.5613708496094
        ],
        [
            219.71250915527344,
            449.4169006347656
        ]
    ],
    "board_size": 800,
    "square_size": 100,
    "rvec": [
        [
            2.07336163520813
        ],
        [
            -0.008027357049286366
        ],
        [
            0.007985885255038738
        ]
    ],
    "tvec": [
        [
            -0.06838811188936234
        ],
        [
            0.13298726081848145
        ],
        [
            0.16737815737724304
        ]
    ],
    "use_lowest_corner": true,
    "timestamp": "20250102_143832",
    "0": {
        "inner_corners": [
            [
                435.0970764160156,
                447.79339599609375
            ],
            [
                219.5888214111328,
                449.505615234375
            ],
            [
                264.134521484375,
                300.7684326171875
            ],
            [
                389.78778076171875,
                300.4544982910156
            ]
        ],
        "board_size": 800,
        "square_size": 100,
        "rvec": [
            [
                0.010696805082261562
            ],
            [
                2.6975674629211426
            ],
            [
                -1.5976418256759644
            ]
        ],
        "tvec": [
            [
                0.08761270344257355
            ],
            [
                0.05700666829943657
            ],
            [
                0.30693185329437256
            ]
        ],
        "timestamp": "20250103_213336"
    },
    "2": {
        "inner_corners": [
            [
                253.4983367919922,
                262.48785400390625
            ],
            [
                374.7221984863281,
                278.4638366699219
            ],
            [
                392.6977233886719,
                416.5443420410156
            ],
            [
                196.7246856689453,
                388.66387939453125
            ]
        ],
        "board_size": 800,
        "square_size": 100,
        "rvec": [
            [
                2.178825616836548
            ],
            [
                0.1405833214521408
            ],
            [
                0.1132710725069046
            ]
        ],
        "tvec": [
            [
                -0.11414474993944168
            ],
            [
                0.11321963369846344
            ],
            [
                0.1614571213722229
            ]
        ],
        "timestamp": "20250103_213328"
    }
}